"","clusterID","条例tiáo_lì","法规fǎ_ɡuī","条文tiáo_wén","条款tiáo_kuǎn","法令fǎ_lián","条规tiáo_ɡuī","TW","ML","SG","variant_I","lect_I","TotalFreq"
"1",1,33,1,0,0,0,0,2,29,3,0.942906574394464,0.738754325259516,34
"2",2,49,3,25,2,2,0,49,15,17,0.46380124980948,0.444292028654169,81
"3",3,16,0,9,0,8,1,12,0,22,0.347750865051903,0.543252595155709,34
"4",4,45,21,29,31,53,4,65,40,78,0.211800889844427,0.355609304547762,183
"5",5,0,3,0,0,0,10,2,8,3,0.644970414201184,0.455621301775148,13
"6",6,22,0,2,4,0,0,25,0,3,0.642857142857143,0.808673469387755,28
"7",7,16,10,4,1,11,0,23,13,6,0.280045351473923,0.41609977324263,42
"8",8,19,54,2,4,4,2,18,55,12,0.459100346020761,0.483460207612457,85
