"","clusterID","治疗chí_liáo","疗法liáo_fǎ","TW","ML","SG","variant_I","lect_I","TotalFreq"
"1",1,46,10,20,21,15,0.706632653061224,0.339923469387755,56
"2",2,119,11,32,78,20,0.84508875739645,0.444260355029586,130
"3",3,36,0,7,22,7,1,0.449074074074074,36
"4",4,108,29,41,65,31,0.666258191699078,0.365869252490809,137
"5",5,28,0,8,9,11,1,0.339285714285714,28
"6",6,113,0,17,44,52,1,0.386013000234944,113
