"","clusterID","必要bì_yāo","要求yāo_qiú","需要nuò_yāo","需求nuò_qiú","TW","ML","SG","variant_I","lect_I","TotalFreq"
"1",1,7,79,1,0,37,43,7,0.83115338882283,0.431629013079667,87
"2",2,2,103,3,0,35,41,32,0.910665294924554,0.336934156378601,108
"3",3,0,5,5,48,19,26,13,0.699762187871581,0.358501783590963,58
"4",4,24,30,87,27,55,74,39,0.346301020408163,0.355087868480726,168
"5",5,0,0,11,0,2,5,4,1,0.371900826446281,11
"6",6,21,2,1,0,6,5,13,0.774305555555556,0.399305555555556,24
"7",7,0,1,7,1,0,6,3,0.62962962962963,0.555555555555556,9
"8",8,0,21,12,2,9,11,15,0.480816326530612,0.348571428571429,35
