"","clusterID","任务lìn_wù","工作ɡōnɡ_zuō","TW","ML","SG","variant_I","lect_I","TotalFreq"
"1",1,1,41,1,41,0,0.953514739229025,0.953514739229025,42
"2",2,8,87,1,92,2,0.845761772853185,0.938393351800554,95
"3",3,18,150,1,166,1,0.808673469387755,0.97640306122449,168
"4",4,0,28,0,28,0,1,1,28
"5",5,0,31,0,31,0,1,1,31
"6",6,14,1,5,9,1,0.875555555555556,0.475555555555556,15
"7",7,57,64,14,92,15,0.501673382965644,0.606857455091865,121
