"","clusterID","任务lìn_wù","职责zhí_zé","责任zé_lìn","TW","ML","SG","variant_I","lect_I","TotalFreq"
"1",1,30,0,0,7,19,4,1,0.473333333333333,30
"2",2,40,1,3,9,27,8,0.831611570247934,0.451446280991736,44
"3",3,0,0,16,9,3,4,1,0.4140625,16
"4",4,30,4,76,40,27,43,0.553057851239669,0.345289256198347,110
"5",5,118,35,66,47,133,39,0.406684597902462,0.446592022685098,219
"6",6,5,3,23,2,26,3,0.585848074921956,0.716961498439126,31
"7",7,0,0,22,7,3,12,1,0.417355371900826,22
"8",8,0,0,28,8,16,4,1,0.428571428571429,28
