"","clusterID","才华cái_huá","才干cái_àn","TW","ML","SG","variant_I","lect_I","TotalFreq"
"1",1,21,0,2,4,15,1,0.555555555555556,21
"2",2,50,0,0,0,50,1,1,50
"3",3,17,5,1,16,5,0.648760330578512,0.582644628099174,22
"4",4,34,0,0,0,34,1,1,34
"5",5,81,61,18,23,101,0.509918666931164,0.548204721285459,142
"6",6,155,7,29,23,110,0.917314433775339,0.513260173754001,162
"7",7,68,1,15,12,42,0.971434572568788,0.448015122873346,69
