"","clusterID","团队qiú_duì","球队qiú_duì","TW","ML","SG","variant_I","lect_I","TotalFreq"
"1",1,89,2,68,18,5,0.957010022944089,0.600531336795073,91
"2",2,9,68,6,49,22,0.793557092258391,0.492663180974869,77
"3",3,1,86,6,51,30,0.977275729951116,0.467300832342449,87
"4",4,0,77,4,41,32,1,0.4589306797099,77
"5",5,0,19,1,7,11,1,0.473684210526316,19
"6",6,0,149,6,35,108,1,0.582180982838611,149
