"","clusterID","意见yī_jiàn","看法kān_fǎ","见解jiàn_jiě","观点ɡuān_diǎn","ML","TW","SG","variant_I","lect_I","TotalFreq"
"1",1,15,1,0,0,16,0,0,0.8828125,1,16
"2",2,52,3,0,0,18,32,5,0.896859504132231,0.453884297520661,55
"3",3,14,11,2,5,4,14,14,0.337890625,0.3984375,32
"4",4,26,60,5,47,29,40,69,0.341839949590422,0.378176853602184,138
"5",5,12,6,1,0,4,9,6,0.501385041551247,0.368421052631579,19
"6",6,26,4,1,0,18,3,10,0.721123829344433,0.45057232049948,31
"7",7,162,37,1,9,49,109,51,0.634028524987981,0.386506719168517,209
