"","clusterID","办法bàn_fǎ","手段shǒu_duàn","措施cì_shī","方式fānɡ_shì","方法fānɡ_fǎ","ML","SG","TW","variant_I","lect_I","TotalFreq"
"1",1,1,1,69,6,1,60,18,0,0.788954635108481,0.644970414201184,78
"2",2,0,4,0,33,0,6,13,18,0.807158509861213,0.386413440467495,37
"3",3,9,8,1,4,4,13,6,7,0.263313609467456,0.375739644970414,26
"4",4,1,3,1,8,9,8,7,7,0.322314049586777,0.334710743801653,22
"5",5,14,22,14,64,25,65,37,37,0.289684798923451,0.360385073236375,139
"6",6,4,2,91,6,24,61,41,25,0.55260710521421,0.373674747349495,127
"7",7,0,0,11,7,0,0,0,18,0.524691358024691,1,18
"8",8,28,0,12,12,1,16,3,34,0.381986472054112,0.505873976504094,53
